<?xml version="1.0" encoding="utf-8" standalone="yes"?>
<rss version="2.0" xmlns:atom="http://www.w3.org/2005/Atom">
  <channel>
    <title>Posts on My New Hugo Site</title>
    <link>http://localhost:1313/posts/</link>
    <description>Recent content in Posts on My New Hugo Site</description>
    <generator>Hugo</generator>
    <language>en-us</language>
    <lastBuildDate>Mon, 15 Jul 2024 13:17:28 -0400</lastBuildDate>
    <atom:link href="http://localhost:1313/posts/index.xml" rel="self" type="application/rss+xml" />
    <item>
      <title>My First Post</title>
      <link>http://localhost:1313/posts/my-first-post/</link>
      <pubDate>Mon, 15 Jul 2024 13:17:28 -0400</pubDate>
      <guid>http://localhost:1313/posts/my-first-post/</guid>
      <description>I am learning Hugo right now. This is very cool! wowawewa bro</description>
    </item>
  </channel>
</rss>
